chapter2,chapter_value_y3,chapter_value_y2,chapter_value_y1,chapter_share_y3,chapter_yoy_change,chapter_cagr_3yr,chapter_cv_volatility,hsn_count,hsn_list_sample,top_hsn4_by_value_y3_json,sector_bucket,type,transformation_index_y3
01,1558489214.71,4329608267.830001,2957434230.01,0.0004154480793512663,-0.6400392094846228,-0.2740706545244529,0.3836927784727756,91,"0001,0100,0101,0102,0103,0104,0105,0106,0107,0108,0109,0110,0111,0112,0113","{""0102"": 824826765.68, ""0105"": 343771711.3800001, ""0104"": 192020158.5600001, ""0110"": 91157047.69999996, ""0190"": 24617026.52000001}",primary_raw,primary,3.417180094700069
02,6718566670.63,6427941709.67,5508800412.150001,0.0017909752553700205,0.04521275613355247,0.10435778409936192,0.08291868208268108,86,"0002,0200,0201,0202,0203,0204,0205,0206,0207,0208,0209,0210,0211,0212,0213","{""0207"": 3276274164.48, ""0202"": 1329072980.95, ""0201"": 917052057.4699998, ""0204"": 579419306.69, ""0203"": 247821266.85}",primary_raw,primary,3.417180094700069
03,2146226011.0600002,2941322848.990001,2218348406.44,0.0005721216840852645,-0.2703194714592529,-0.016390195740599633,0.14742428698894433,89,"0003,0300,0301,0302,0303,0304,0305,0306,0307,0308,0309,0310,0311,0312,0313","{""0304"": 1015254388.04, ""0302"": 282152905.7300001, ""0301"": 216314199.75, ""0306"": 163959059.75, ""0390"": 111961608.57}",primary_raw,primary,3.417180094700069
04,51060564825.729996,51710592171.96,44544041363.21,0.013611267493684657,-0.01257048737845396,0.07065117723838932,0.0659001434942579,73,"0004,0400,0401,0402,0403,0404,0405,0406,0407,0408,0409,0410,0411,0412,0413","{""0401"": 22885075253.29, ""0405"": 14303128151.35, ""0403"": 5869280973.74, ""0406"": 4000783056.73, ""0402"": 1705152556.129999}",primary_raw,primary,3.417180094700069
05,433734075.63,366759420.62000006,438052850.89000005,0.00011562094043955924,0.1826119555341769,-0.004941724248042734,0.07905499482262222,83,"0005,0500,0501,0502,0503,0504,0505,0506,0507,0508,0509,0510,0511,0512,0513","{""0504"": 125054521.84, ""0520"": 79449429.13, ""0506"": 58571748.81, ""0502"": 54483719.19000001, ""0508"": 40494343.07}",primary_raw,primary,3.417180094700069
06,1676287017.46,1290612502.64,1243725920.39,0.00044684956127515193,0.2988306048725602,0.16094554145005735,0.1380846260671066,75,"0006,0600,0601,0602,0603,0604,0605,0606,0608,0609,0610,0611,0612,0613,0614","{""0603"": 616328520.19, ""0602"": 423606051.3, ""0601"": 413885510.05, ""0620"": 66514133.83, ""0600"": 39765345.45}",primary_raw,primary,3.417180094700069
07,22311486958.77,22404370133.010002,13574248618.6,0.005947596118730038,-0.0041457614603121595,0.2820541176924529,0.21311541651563506,81,"0007,0700,0701,0702,0703,0704,0705,0706,0707,0708,0709,0710,0711,0712,0713","{""0713"": 14119241506.63, ""0709"": 1700967791.42, ""0710"": 1217087560.32, ""0703"": 1214263014.820001, ""0701"": 742784564.82}",primary_raw,primary,3.417180094700069
08,32122814440.88,33404026320.08,30564827919.51,0.008563011817379814,-0.03835501346224937,0.025169830569660157,0.03624452391898156,86,"0008,0800,0801,0802,0803,0804,0805,0806,0807,0808,0809,0810,0811,0812,0813","{""0802"": 17649783759.91, ""0801"": 4900873375.83, ""0804"": 2970389649.63, ""0808"": 1424038453.69, ""0810"": 1095345404.83}",primary_raw,primary,3.417180094700069
09,14050563188.290003,14732101016.9,11821976042.23,0.0037454731385259364,-0.04626209308693766,0.09018908300835982,0.09181856735281811,77,"0009,0900,0901,0902,0903,0904,0905,0906,0907,0908,0909,0910,0911,0912,0913","{""0902"": 4274265387.76, ""0910"": 3571658356.910001, ""0904"": 2010759988.39, ""0908"": 1720984815.470001, ""0909"": 1151464400.26}",primary_raw,primary,3.417180094700069
10,39949135863.14999,29066912029.64,23139043910.44,0.010649282400826075,0.3743852743082309,0.31395650606828873,0.22661801119798888,91,"0010,1000,1001,1002,1003,1004,1005,1006,1007,1008,1009,1010,1011,1012,1013","{""1006"": 26070057389.94999, ""1001"": 7901474446.359998, ""1005"": 4293701065.89, ""1008"": 871315358.8999999, ""1007"": 532572321.5200001}",primary_raw,primary,3.417180094700069
11,14757023158.07,13577113234.159998,10005356011.03,0.003933794902201578,0.08690432962887501,0.21445969514220975,0.15807098141231343,74,"0011,1100,1101,1102,1103,1104,1105,1106,1107,1108,1109,1110,1111,1112,1114","{""1101"": 10502353968.24, ""1106"": 2322431165.84, ""1108"": 762422840.62, ""1104"": 380866297.08, ""1103"": 318489894.63}",primary_raw,primary,3.417180094700069
12,5485859060.33,-563283749760.4299,5336332077.02,0.0014623711147272382,,0.013913484676703725,-1.4557682275135464,82,"0012,1200,1201,1202,1203,1204,1205,1206,1207,1208,1209,1210,1211,1212,1213","{""1207"": 2369516291.89, ""1211"": 1100874684.76, ""1201"": 639560480.56, ""1202"": 490396116.9600001, ""1209"": 313092949.41}",primary_raw,primary,3.417180094700069
13,1913648022.17,1891249580.1400003,2177679466.0099998,0.0005101231294133862,0.011843197357559588,-0.06258035098955772,0.06522279986138103,74,"0013,1300,1301,1302,1303,1304,1305,1306,1307,1308,1309,1311,1313,1314,1315","{""1301"": 1287992873.48, ""1302"": 621534874.72, ""1354"": 844118.21, ""1392"": 843158.8, ""1363"": 344737.31}",primary_raw,primary,3.417180094700069
14,608546196.2600001,556335324.0200001,696579128.23,0.00016222078795699577,0.09384784676754238,-0.06532301845484667,0.09327113873731355,58,"0014,1400,1401,1402,1403,1404,1405,1407,1408,1409,1410,1412,1413,1414,1415","{""1404"": 403269513.93, ""1401"": 174605533.0800001, ""1409"": 20216888.77, ""1420"": 4722146.67, ""1403"": 1331239.77}",primary_raw,primary,3.417180094700069
15,50928868216.53,47257092027.17,50820942012.1,0.013576160992572684,0.0776978868536589,0.0010612649174217559,0.03434785533471129,72,"0015,1500,1501,1502,1503,1504,1505,1506,1507,1508,1509,1510,1511,1512,1513","{""1507"": 24450319129.92, ""1511"": 11950431088.88, ""1516"": 4505001273.900001, ""1514"": 4414372475.790001, ""1512"": 1361363705.58}",primary_raw,primary,3.417180094700069
16,801908534.4600002,837963816.6500001,634389693.27,0.0002137655861280938,-0.043027254248448624,0.12430556037471008,0.11700148282188887,58,"0016,1600,1601,1602,1603,1604,1605,1606,1607,1608,1609,1610,1611,1612,1613","{""1601"": 496810233.6800001, ""1602"": 240404298.46, ""1604"": 37402937.61000001, ""1605"": 13381805.01, ""1603"": 11273286.15}",other,other,3.417180094700069
17,30494076306.370003,27973231085.450024,23276937937.119987,0.008128837410934368,0.09011634062649165,0.14457647928386264,0.10975705178351944,79,"0017,1700,1701,1702,1703,1704,1705,1706,1707,1709,1710,1711,1713,1714,1716","{""1701"": 26391396474.56, ""1704"": 3311956477.96, ""1702"": 762902588.56, ""1703"": 15348686.87, ""1718"": 3293795.36}",other,other,3.417180094700069
18,4870385429.24,4572238124.809999,3658238736.140001,0.0012983036733139398,0.0652081751412258,0.15384014134634083,0.11809313827342206,59,"0018,1800,1801,1802,1803,1804,1805,1806,1807,1808,1809,1810,1811,1814,1815","{""1806"": 4399197948.4, ""1805"": 357491639.24, ""1803"": 72813386.53, ""0018"": 15710384.86, ""1804"": 10669880.4}",other,other,3.417180094700069
19,21096792629.96,19952869402.43,15372980870.470001,0.005623793797135601,0.05733126421359144,0.171464611491551,0.13149501877400033,79,"0019,1900,1901,1902,1903,1904,1905,1906,1907,1908,1909,1910,1911,1912,1913","{""1905"": 13429334466.47, ""1901"": 4076996509.36, ""1902"": 2521567690.32, ""1904"": 1019118586.48, ""1903"": 31992021.56999999}",other,other,3.417180094700069
20,6904083965.679999,6987374007.53,5882726805.85,0.001840428792287378,-0.011920077808951145,0.0833372893175508,0.07619879738802503,93,"0020,2000,2001,2002,2003,2004,2005,2006,2007,2008,2009,2010,2011,2012,2013","{""2008"": 3314329542.299999, ""2005"": 1789135603.41, ""2004"": 632283378.29, ""2007"": 378887328.8900001, ""2009"": 306901819.9000001}",other,other,3.417180094700069
21,54268614657.66,53348303382.21002,43487628305.159996,0.014466440650199875,0.017250994260426217,0.11709859627604913,0.09688203073618368,82,"0021,2100,2101,2102,2103,2104,2105,2106,2107,2108,2109,2110,2111,2112,2114","{""2106"": 43883892777.39, ""2105"": 5488436530.7, ""2103"": 1795980793.510001, ""2101"": 1740237945.56, ""2102"": 1200654632.38}",processed_food,manufacturing,3.417180094700069
22,23242101530.850002,22295276871.170002,19190598285.09,0.006195671006215788,0.04246749951351078,0.10050859757450459,0.08020267258707005,75,"0022,2200,2201,2202,2203,2204,2205,2206,2207,2208,2209,2210,2211,2212,2213","{""2202"": 15191377726.26, ""2208"": 5202405808.729999, ""2201"": 1577444311.340001, ""2207"": 953163018.1100004, ""2209"": 177812100.08}",other,other,3.417180094700069
23,10551704629.37,-13963353044.789997,11953867094.21,0.0028127787993510994,,-0.06047768138040832,4.179514944279336,84,"2300,2301,2302,2303,2304,2305,2306,2307,2308,2309,2310,2311,2312,2313,2314","{""2309"": 2769851063.29, ""2304"": 2766899596.05, ""2303"": 1631920015.94, ""2306"": 1531362383.01, ""2302"": 1364940653.12}",other,other,3.417180094700069
24,16020766218.749998,9152673669.4,8681539244.71,0.0042706721949011565,0.7503919398232226,0.3584488020362324,0.29722805283102066,71,"0024,2400,2401,2402,2403,2404,2405,2406,2407,2408,2409,2410,2411,2412,2413","{""2402"": 11060269634.88, ""2403"": 4559054973.159999, ""2404"": 203907020.06, ""2401"": 190629890.3100001, ""2406"": 2505842.52}",other,other,3.417180094700069
25,36792797484.11999,35752967585.75,26876186036.71,0.009807894019710646,0.02908373678006048,0.17003158503672156,0.13427436603880466,88,"0025,2500,2501,2502,2503,2504,2505,2506,2507,2508,2509,2510,2511,2512,2513","{""2523"": 30007305166.51999, ""2517"": 2409593558.260001, ""2501"": 957438442.2499998, ""2515"": 726784074.92, ""2505"": 576766800.5300001}",minerals_energy,primary,3.417180094700069
26,1629102632.13,1707751789.5,977328681.9200001,0.00043427157095241096,-0.046054208728439974,0.2910822205992929,0.2276435994903686,80,"2600,2601,2602,2603,2604,2605,2606,2607,2608,2609,2610,2611,2612,2613,2614","{""2620"": 864132205.3600001, ""2619"": 450148952.7, ""2621"": 182318793.95, ""2601"": 104321563.9, ""2602"": 8040095.86}",minerals_energy,primary,3.417180094700069
27,197606663084.02,220075277923.56003,150876397411.55,0.052676212238366354,-0.10209513331771954,0.1444323864033481,0.1520862181966566,65,"0027,2700,2701,2702,2703,2704,2705,2706,2707,2708,2709,2710,2711,2712,2713","{""2716"": 139004539641.08, ""2710"": 33329314850.94, ""2711"": 14816590508.44, ""2713"": 4562780388.659999, ""2701"": 3938691341.970001}",minerals_energy,primary,3.417180094700069
28,4966037686.7300005,5018359225.490001,5796883529.35,0.0013238017943690977,-0.010426025003200418,-0.07443330637795198,0.07222476695917357,94,"0028,2800,2801,2802,2803,2804,2805,2806,2807,2808,2809,2810,2811,2812,2813","{""2836"": 941214133.6200002, ""2815"": 598370774.92, ""2803"": 502741521.2200001, ""2804"": 247213576.98, ""2847"": 231261843.09}",other,other,3.417180094700069
29,17535077777.78,14927102448.05,13668300341.390001,0.004674343790957405,0.17471410401358184,0.13265224900217443,0.1047236178484776,90,"0029,2900,2901,2902,2903,2904,2905,2906,2907,2908,2909,2910,2911,2912,2913","{""2903"": 1755279318.19, ""2905"": 1644373423.21, ""2902"": 1637035278.12, ""2914"": 1534840558.43, ""2917"": 1521363230.96}",other,other,3.417180094700069
30,108167145689.52998,102483381865.87997,85532300031.26001,0.028834227726103164,0.05546034605969924,0.12455994219775968,0.09738604321459846,93,"0030,3000,3001,3002,3003,3004,3005,3006,3007,3008,3009,3010,3011,3012,3013","{""3004"": 90023564623.49998, ""3002"": 13037888549.11, ""3006"": 1478813361.210001, ""3003"": 1219344550.68, ""3005"": 1180489114.52}",other,other,3.417180094700069
31,1347083538.6100001,989148098.67,1035451335.79,0.00035909344996357194,0.3618623342867232,0.1405975074510908,0.14142492565741874,92,"0031,3100,3101,3102,3103,3104,3105,3106,3107,3108,3109,3110,3111,3112,3113","{""3102"": 1193700327.46, ""3101"": 75224501.01, ""3105"": 50249770.00000001, ""3104"": 15214549.39, ""3103"": 1899846.99}",other,other,3.417180094700069
32,25946727757.52,26273844403.24,22692138374.31,0.00691664601241254,-0.012450277192007055,0.06930989574601609,0.06474955197749546,98,"0032,3200,3201,3202,3203,3204,3205,3206,3207,3208,3209,3210,3211,3212,3213","{""3209"": 8831455779.08, ""3208"": 6413836734.98, ""3214"": 3255706089.380001, ""3215"": 2870074952.39, ""3204"": 2143025337.11}",other,other,3.417180094700069
33,33266504799.26999,33877636663.25,26595691349.619995,0.008867886537256587,-0.01803938893538458,0.11840202461856886,0.105552150637084,97,"0033,3300,3301,3302,3303,3304,3305,3306,3307,3308,3309,3310,3311,3312,3313","{""3304"": 13496583416.69999, ""3305"": 7937836482.819999, ""3302"": 3512521673.690001, ""3307"": 3399992450.150001, ""3306"": 1921547830.22}",other,other,3.417180094700069
34,14488702762.800001,15959590557.660004,13163799508.160002,0.0038622684573513095,-0.09216325378435423,0.0491174769898588,0.07854900216022413,94,"0034,3400,3401,3402,3403,3404,3405,3406,3407,3408,3409,3410,3411,3412,3413","{""3402"": 7228255355.060002, ""3401"": 5120341787.65, ""3405"": 999928473.14, ""3403"": 531111145.6700001, ""3404"": 323975465.21}",other,other,3.417180094700069
35,7517742700.27,7096445917.770001,5888927619.020002,0.0020040124348665047,0.05936729278032574,0.12986256736599966,0.10100419583822576,100,"0035,3500,3501,3502,3503,3504,3505,3506,3507,3508,3509,3510,3511,3512,3513","{""3506"": 4858128998.370001, ""3507"": 2361057066.69, ""3505"": 94852734.48000002, ""3502"": 93139417.28999998, ""3504"": 56364114.48}",other,other,3.417180094700069
36,336145691.35,325813256.84000003,241672384.02,8.960670406663482e-05,0.031712750457769216,0.17937050245617403,0.14046843644985735,101,"0036,3600,3601,3602,3603,3604,3605,3606,3607,3608,3609,3610,3611,3612,3613","{""3605"": 224668223.99, ""3604"": 72507668.53999998, ""3606"": 23703537.52000001, ""3602"": 4940568.38, ""3603"": 4261212.77}",other,other,3.417180094700069
37,2077214741.27,2327102899.69,1967779980.8300002,0.0005537252786323191,-0.10738165400992297,0.027430441050112053,0.0708002866625006,100,"3700,3701,3702,3703,3704,3705,3706,3707,3708,3709,3710,3711,3712,3713,3714","{""3701"": 1552173596.54, ""3707"": 223948287.1, ""3705"": 209285108.9600001, ""3703"": 52994987.48000001, ""3702"": 30055369.44999999}",other,other,3.417180094700069
38,29062261642.840004,28330978681.830006,22742938650.83,0.007747157097502616,0.025812131985366416,0.1304241166398803,0.10566112393542602,99,"0038,3800,3801,3802,3803,3804,3805,3806,3807,3808,3809,3810,3811,3812,3813","{""3822"": 9379352674.94, ""3824"": 7832648625.460001, ""3808"": 4460853710.230001, ""3812"": 1351596333.48, ""3814"": 1319719857.02}",other,other,3.417180094700069
39,145628496668.6,129349586464.87,125081203613.33,0.038820338741349616,0.12585204675664885,0.07901419306861879,0.06638920279690318,98,"0039,3900,3901,3902,3903,3904,3905,3906,3907,3908,3909,3910,3911,3912,3913","{""3901"": 26678489478.60001, ""3902"": 21149216198.21, ""3904"": 18062774561.92, ""3923"": 11941625504.72, ""3915"": 11793805206.68}",plastics,manufacturing,3.417180094700069
40,16303895942.379997,14192264076.87,12081156529.010002,0.004346146377705319,0.1487875263645532,0.16169318546928246,0.12146792875438468,98,"0040,4000,4001,4002,4003,4004,4005,4006,4007,4008,4009,4010,4011,4012,4013","{""4011"": 6856401993.399998, ""4002"": 2261365626.85, ""4016"": 1816444152.85, ""4015"": 1037790915.52, ""4004"": 879135432.64}",other,other,3.417180094700069
41,882168881.83,786669371.3000001,624434160.9200001,0.00023516066980798728,0.12139726550200311,0.18859128084044707,0.13917537616316716,83,"0041,4100,4101,4102,4103,4104,4105,4106,4107,4108,4109,4110,4111,4112,4113","{""4107"": 371117430.11, ""4112"": 324801898.24, ""4101"": 95800548.39, ""4106"": 18442341.8, ""4105"": 17976905.81}",other,other,3.417180094700069
42,14927285297.69,38962762464.84996,12559978503.710001,0.003979181856582606,-0.6168832918056935,0.09017437268841522,0.5384932594284786,49,"0042,4200,4201,4202,4203,4204,4205,4206,4207,4208,4209,4210,4211,4212,4213","{""4202"": 13043273531.74, ""4203"": 1704920973.39, ""4201"": 122010178.79, ""4205"": 37040107.12000001, ""4204"": 7262719.3}",other,other,3.417180094700069
43,51564932.98000001,40778937.78,2860267.4499999946,1.3745717433408115e-05,0.2644991700909383,3.2459405289037795,0.6581673579893701,34,"0043,4300,4301,4302,4303,4304,4305,4307,4309,4310,4311,4312,4314,4315,4316","{""4303"": 43419891.39000001, ""4304"": 2523024.840000001, ""0043"": 1593968.28, ""4302"": 1462135.73, ""4307"": 799206.0}",other,other,3.417180094700069
44,22931084540.700005,21351042742.1,19861977036.870003,0.006112762885977387,0.07400302728468051,0.07448673919238624,0.058609035837053056,49,"0044,4400,4401,4402,4403,4404,4405,4406,4407,4408,4409,4410,4411,4412,4413","{""4412"": 8665601134.380003, ""4411"": 4473377795.910001, ""4407"": 3782385214.819999, ""4403"": 1062677764.31, ""4418"": 872835858.0899999}",other,other,3.417180094700069
45,84109319.76000002,84301497.18,138118811.7,2.242110822456711e-05,-0.0022796442107030543,-0.21963884351853336,0.24873755163452113,50,"0045,4500,4501,4502,4503,4504,4505,4506,4507,4509,4510,4511,4512,4515,4516","{""4504"": 70221485.63000003, ""4595"": 7400100.0, ""4502"": 1430133.43, ""4501"": 857720.79, ""4503"": 707056.35}",other,other,3.417180094700069
46,193498477.41000003,193198003.1,140488111.68999997,5.158108894089293e-05,0.001555266126868328,0.17359699393053885,0.14180311341961852,32,"0046,4600,4601,4602,4603,4604,4605,4606,4607,4608,4609,4610,4611,4614,4616","{""4602"": 103486292.65, ""4601"": 84934742.76, ""0046"": 3079967.84, ""4606"": 830938.61, ""4623"": 320743.32}",other,other,3.417180094700069
47,23084363354.649998,20150166940.69,21908406920.44,0.006153622577696597,0.14561648162005372,0.026487231192504845,0.05552639078678401,27,"4701,4702,4703,4704,4705,4706,4707,4708,4709,4712,4714,4715,4716,4717,4718","{""4707"": 22639619253.46, ""4706"": 213292353.43, ""4703"": 185694935.11, ""4701"": 35474299.56000001, ""4704"": 6116673.0}",other,other,3.417180094700069
48,82006692199.16,81058578431.15,77136017686.32,0.021860608624379264,0.011696649341257867,0.03108873121338851,0.026333150734507694,70,"0048,4800,4801,4802,4803,4804,4805,4806,4807,4808,4809,4810,4811,4812,4813","{""4810"": 23277072889.71, ""4802"": 11399282203.47, ""4804"": 11291150684.71, ""4819"": 10833012216.11, ""4811"": 6588080493.49}",other,other,3.417180094700069
49,15638453726.69,17315121236.8,22256644944.79,0.004168758759094751,-0.09683255965580885,-0.1617625578583921,0.15265197425687946,42,"0049,4900,4901,4902,4903,4904,4905,4906,4907,4908,4909,4910,4911,4912,4913","{""4901"": 6836566867.780001, ""4907"": 3517884756.140001, ""4911"": 2801757923.75, ""4902"": 1053420401.64, ""4909"": 712802463.54}",other,other,3.417180094700069
50,4946010056.17,4936977033.470001,4403212846.43,0.0013184630082090298,0.0018296667452086383,0.0598457384060318,0.05329088585429522,63,"0050,5000,5001,5002,5003,5004,5005,5006,5007,5008,5009,5010,5011,5012,5014","{""5007"": 4819598358.26, ""5044"": 57294149.00000001, ""5003"": 15755634.54, ""5002"": 15295886.49, ""5006"": 10992605.17}",other,other,3.417180094700069
51,899332522.5499998,984749422.6700001,898085072.9700001,0.00023973599923888484,-0.08673973109667346,0.0006942642395364462,0.04373907426740512,35,"5100,5101,5102,5103,5104,5105,5106,5107,5108,5109,5110,5111,5112,5113,5115","{""5112"": 640018897.5399998, ""5111"": 151250871.85, ""5107"": 78118423.52, ""5105"": 14110599.71, ""5106"": 5242100.48}",other,other,3.417180094700069
52,92990590344.48001,97440263112.91998,100953284728.90001,0.024788597695585158,-0.04566564812415795,-0.04024744862631946,0.03354586605107658,40,"0052,5200,5201,5202,5203,5204,5205,5206,5207,5208,5209,5210,5211,5212,5213","{""5211"": 34554886492.85001, ""5208"": 31678067580.79, ""5209"": 21272305680.75, ""5205"": 1987807625.67, ""5210"": 1632125599.400001}",textiles,manufacturing,3.417180094700069
53,657684961.6,878937218.6600001,711166750.52,0.00017531975937720818,-0.2517270316500128,-0.038336275809364384,0.12579990186298617,29,"5300,5301,5302,5303,5304,5305,5306,5307,5308,5309,5310,5311,5313,5315,5316","{""5309"": 445087845.2, ""5310"": 93355791.44000004, ""5305"": 67868277.22000001, ""5303"": 13980083.79, ""5307"": 10682149.37}",textiles,manufacturing,3.417180094700069
54,41183287992.03,40445853492.92,37376883642.37,0.010978271608278424,0.018232635373588733,0.04968493470101265,0.04155088211006128,61,"0054,5400,5401,5402,5403,5404,5405,5406,5407,5408,5409,5410,5411,5412,5413","{""5407"": 30924125509.69, ""5408"": 6467536619.1, ""5402"": 2330262214.450001, ""5403"": 668872890.98, ""5401"": 518591644.57}",textiles,manufacturing,3.417180094700069
55,21440635707.030003,23310823008.159996,21681522366.35,0.005715452401262382,-0.08022828282276138,-0.005570630015718447,0.03751204263375545,44,"5500,5501,5502,5503,5504,5505,5506,5507,5508,5509,5510,5511,5512,5513,5514","{""5516"": 9417531657.87, ""5515"": 4554912753.06, ""5509"": 2165555733.97, ""5508"": 1949130240.41, ""5513"": 1545208688.84}",textiles,manufacturing,3.417180094700069
56,2942486954.020001,2498200139.8900003,2028982073.0900004,0.0007843817859151742,0.17784276248962314,0.20425419560582148,0.14979904390771695,31,"5600,5601,5602,5603,5604,5605,5606,5607,5608,5609,5610,5611,5612,5613,5614","{""5603"": 1929127088.050001, ""5607"": 250314415.01, ""5605"": 180020058.18, ""5608"": 158739747.95, ""5601"": 108579768.39}",textiles,manufacturing,3.417180094700069
57,1956449543.3700001,1884767160.2500002,2134105212.63,0.0005215327751189943,0.038032487318216936,-0.04252727194892869,0.052622268400233,25,"5700,5701,5702,5703,5704,5705,5706,5707,5708,5709,5711,5712,5717,5734,5736","{""5703"": 782170207.05, ""5701"": 531961234.1400001, ""5702"": 254267208.67, ""5705"": 237715135.55, ""5704"": 146906657.31}",textiles,manufacturing,3.417180094700069
58,5670911604.530001,5232211821.09,5041570034.06,0.0015117007625305829,0.08384595242717227,0.060580252830345405,0.049576922891028066,51,"5800,5801,5802,5803,5804,5805,5806,5807,5808,5809,5810,5811,5812,5813,5814","{""5806"": 1996257456.31, ""5810"": 1551654722.59, ""5801"": 692955859.6100001, ""5807"": 546734189.1300002, ""5804"": 339374463.36}",textiles,manufacturing,3.417180094700069
59,8351488084.590001,7453447882.97,5507841693.240001,0.00222626480293835,0.1204865473966601,0.23137748436866934,0.1670661554132619,27,"5900,5901,5902,5903,5904,5905,5906,5907,5908,5909,5910,5911,5912,5915,5918","{""5903"": 7254059778.310001, ""5911"": 442059816.8, ""5901"": 202669577.6000001, ""5907"": 122204647.75, ""5910"": 87725840.76999998}",textiles,manufacturing,3.417180094700069
60,33384710451.760002,32931034956.58,29639950678.66,0.008899396740106836,0.013776533163266122,0.061292435230849485,0.05217016673565843,62,"0060,6000,6001,6002,6003,6004,6005,6006,6007,6008,6009,6010,6011,6012,6013","{""6006"": 26427336404.14, ""6001"": 3033437969.04, ""6005"": 2359812011.260001, ""6002"": 720217797.64, ""6004"": 602841569.4100001}",textiles,manufacturing,3.417180094700069
61,85912186825.59999,87859604857.11,74284906010.12,0.022901700359988807,-0.022165112564268674,0.07541749612312754,0.07248097873029694,81,"0061,6100,6101,6102,6103,6104,6105,6106,6107,6108,6109,6110,6111,6112,6113","{""6109"": 22856667072.4, ""6104"": 11289264140.65, ""6103"": 10967728746.21999, ""6105"": 8593792678.65, ""6107"": 7607033221.679999}",textiles,manufacturing,3.417180094700069
62,204114362085.69003,209548255267.73996,192758669603.58002,0.05441097628146758,-0.02593146468868012,0.029034231079108297,0.034604613076599844,99,"0062,6200,6201,6202,6203,6204,6205,6206,6207,6208,6209,6210,6211,6212,6213","{""6203"": 77201817350.94002, ""6204"": 57691046036.13001, ""6205"": 23792114850.38001, ""6211"": 14856608929.87, ""6206"": 12880828627.24}",textiles,manufacturing,3.417180094700069
63,10400941942.71,10021397203.419998,9334520303.720001,0.0027725898342818808,0.0378734353689198,0.05557800856951012,0.04449563308572909,74,"0063,6300,6301,6302,6303,6304,6305,6306,6307,6308,6309,6310,6311,6312,6313","{""6304"": 3440493059.949999, ""6307"": 3358402148.37, ""6303"": 817104997.51, ""6305"": 757729904.77, ""6301"": 723898580.44}",textiles,manufacturing,3.417180094700069
64,15581084095.96,15324854645.02,12961022641.740002,0.004153465677387859,0.016719861745851113,0.09642568583649513,0.08065499378978092,47,"0064,6400,6401,6402,6403,6404,6405,6406,6407,6408,6409,6410,6411,6412,6413","{""6404"": 4964982035.52, ""6402"": 4867919253.729999, ""6403"": 3641588909.14, ""6406"": 962197959.87, ""6405"": 616278460.15}",other,other,3.417180094700069
65,1698735418.35,1612285170.43,1130255471.5500002,0.00045283365468191516,0.053619700475780824,0.22595509212134224,0.1689447809475361,34,"6500,6501,6502,6503,6504,6505,6506,6507,6508,6509,6510,6512,6513,6515,6516","{""6506"": 875810877.54, ""6505"": 565721338.29, ""6501"": 161568961.33, ""6507"": 39554925.13000001, ""6502"": 32388165.34}",other,other,3.417180094700069
66,239971633.53000012,360365164.94,213001516.06,6.396948615866786e-05,-0.33408759537022714,0.06142327493772792,0.23630105509449872,27,"6600,6601,6602,6603,6604,6605,6606,6607,6609,6610,6611,6612,6613,6614,6615","{""6601"": 181914622.6000001, ""6602"": 28712426.76, ""6654"": 13439340.0, ""6603"": 11443711.11, ""6660"": 1892967.8}",other,other,3.417180094700069
67,932273206.3800001,989261925.7199999,780751366.0100001,0.0002485170313439016,-0.0576073109237703,0.09273593438977379,0.09768609818573666,29,"6701,6702,6703,6704,6705,6706,6707,6708,6709,6710,6711,6713,6714,6717,6718","{""6702"": 571436988.9700001, ""6704"": 204825643.53, ""6703"": 140935131.76, ""6701"": 8913791.23, ""6707"": 2360301.59}",other,other,3.417180094700069
68,5223031884.36,5078866837.79,4886782665.070001,0.0013923090030183857,0.028385277892564547,0.03383165608047878,0.027205200165584174,32,"6800,6801,6802,6803,6804,6805,6806,6807,6808,6809,6810,6811,6812,6813,6814","{""6805"": 1250956291.62, ""6802"": 951704806.7099998, ""6804"": 799657530.5399998, ""6806"": 510882341.52, ""6810"": 428487981.24}",other,other,3.417180094700069
69,8850544242.76,13034045357.290003,8702323454.390001,0.0023592987183759535,-0.3209672054877537,0.008480204818472892,0.1969439618074063,37,"0069,6900,6901,6902,6903,6904,6905,6906,6907,6908,6909,6910,6911,6912,6913","{""6907"": 4775043763.360001, ""6910"": 1381101170.84, ""6903"": 588245585.4, ""6912"": 482891299.6, ""6902"": 452040460.6000001}",other,other,3.417180094700069
70,9187553812.23,9449870709.75,7432283095.82,0.002449135707325127,-0.027758781635959563,0.1118311209976357,0.1030732163917594,60,"0070,7000,7001,7002,7003,7004,7005,7006,7007,7008,7009,7010,7011,7012,7013","{""7013"": 2122991491.6, ""7007"": 1072917816.85, ""7018"": 1036798010.81, ""7009"": 1021189117.36, ""7019"": 955704403.4000002}",other,other,3.417180094700069
71,334553234556.76013,202441608733.15,199690366510.5,0.08918220121479796,0.6525912664414465,0.29435694862739514,0.2562960980341129,101,"0071,7100,7101,7102,7103,7104,7105,7106,7107,7108,7109,7110,7111,7112,7113","{""7108"": 167099230333.9901, ""7113"": 95338454452.73, ""7106"": 41153450217.45001, ""7102"": 19570267041.32, ""7117"": 3479002249.56}",other,other,3.417180094700069
72,167545349897.47,161828917146.95,185251035820.94,0.04466273693917861,0.03532392634951106,-0.04898828479015471,0.058125038240784445,101,"0072,7200,7201,7202,7203,7204,7205,7206,7207,7208,7209,7210,7211,7212,7213","{""7204"": 75631410513.7, ""7214"": 35704524990.08, ""7208"": 8205130965.869998, ""7219"": 8036546577.570001, ""7209"": 6473288182.990001}",metals,manufacturing,3.417180094700069
73,48068271046.78999,46981472970.92,38379672828.52,0.012813608651017152,0.023132481958211222,0.1191250491832232,0.09744161620382796,66,"0073,7300,7301,7302,7303,7304,7305,7306,7307,7308,7309,7310,7311,7312,7313","{""7306"": 13141605327.94, ""7308"": 9643564149.709995, ""7318"": 4898499251.810001, ""7323"": 4277442621.670001, ""7303"": 1885731935.32}",metals,manufacturing,3.417180094700069
74,227224307964.19003,223441995309.41,176986523202.63004,0.060571418418964865,0.016927492298582876,0.13307144738270815,0.10918329539759697,48,"0074,7400,7401,7402,7403,7404,7405,7406,7407,7408,7409,7410,7411,7412,7413","{""7404"": 128184402877.78, ""7408"": 79126607431.55003, ""7403"": 7244734049.46, ""7409"": 4791068854.099999, ""7411"": 2605685537.62}",other,other,3.417180094700069
75,5391641303.900002,3557248025.34,2727101408.580001,0.0014372553901009937,0.5156776433615902,0.40607942073379366,0.2860354905972476,26,"7500,7501,7502,7503,7504,7505,7506,7507,7508,7515,7516,7517,7518,7519,7521","{""7502"": 4716315670.140001, ""7503"": 265214078.2600001, ""7505"": 243195300.98, ""7507"": 103680684.01, ""7506"": 50189991.57000001}",other,other,3.417180094700069
76,107479681272.85,78907776763.85,58565619183.83,0.028650969626633303,0.3620923777197286,0.35469589663397216,0.24571735836512967,42,"0076,7600,7601,7602,7603,7604,7605,7606,7607,7608,7609,7610,7611,7612,7613","{""7602"": 49631630054.92001, ""7601"": 19043836725.3, ""7604"": 13885874791.9, ""7605"": 8796406061.75, ""7607"": 8716848512.409998}",other,other,3.417180094700069
77,5178606.98,645175.03,3317025.1799999997,1.3804666103874174e-06,7.026669879024921,0.24948800711074548,0.6106441737369231,23,"7700,7701,7702,7705,7706,7707,7711,7713,7714,7716,7717,7718,7722,7723,7725","{""7713"": 3851466.83, ""7707"": 245816.76, ""7746"": 180000.0, ""7722"": 177417.04, ""7717"": 168852.02}",other,other,3.417180094700069
78,16108935478.18,14013749448.71,13857237409.130001,0.004294175565436084,0.14950931134728318,0.07818948536153525,0.07002473863031991,36,"7800,7801,7802,7803,7804,7805,7806,7807,7808,7809,7810,7811,7812,7813,7818","{""7801"": 15693661325.62, ""7802"": 368317278.98, ""7804"": 35698192.85, ""7806"": 3295380.2, ""7803"": 3158939.22}",other,other,3.417180094700069
79,5022002857.910001,3555289881.44,3518994272.3200006,0.0013387204878434202,0.41254385025727847,0.19461839488345523,0.17363846524797358,34,"0079,7900,7901,7902,7903,7904,7905,7906,7907,7908,7909,7910,7912,7913,7914","{""7901"": 2916317977.78, ""7902"": 1983485650.750001, ""7907"": 82388754.94000003, ""7903"": 23719473.75, ""7905"": 5334436.88}",other,other,3.417180094700069
80,3443875645.650001,2814285502.46,1181387923.98,0.0009180374872059194,0.22371225045919074,0.707369295367335,0.38447863816625844,84,"0080,8000,8001,8002,8003,8004,8005,8006,8007,8008,8009,8010,8011,8012,8013","{""8001"": 2570338565.690001, ""8003"": 240783717.2200001, ""8007"": 196410006.6900001, ""8081"": 166686033.98, ""8002"": 93995813.38}",other,other,3.417180094700069
81,723524849.59,1488441433.48,1080904366.8500001,0.0001928707663087754,-0.51390438796212,-0.18184970725474492,0.284705619661157,63,"0081,8100,8101,8102,8103,8104,8105,8106,8107,8108,8109,8110,8111,8112,8113","{""8101"": 368000760.46, ""8104"": 127784620.9, ""8102"": 71303564.35, ""8105"": 62219325.76000002, ""8103"": 46279991.17000001}",other,other,3.417180094700069
82,6998992998.4,5936184870.830001,5541158559.8,0.0018657287911481,0.1790389198949251,0.12387365442842424,0.09995807359069352,73,"0082,8200,8201,8202,8203,8204,8205,8206,8207,8208,8209,8210,8211,8212,8213","{""8207"": 1871190780.589999, ""8212"": 1003768439.14, ""8209"": 968103814.5200002, ""8204"": 702079511.21, ""8205"": 678894872.4799999}",other,other,3.417180094700069
83,12679422910.78,13375491660.299997,12543119631.95,0.003379966858831412,-0.05204061033404918,0.005418707103574505,0.028332723652015522,72,"0083,8300,8301,8302,8303,8304,8305,8306,8307,8308,8309,8310,8311,8312,8313","{""8302"": 4363663241.01, ""8308"": 2052300054.64, ""8301"": 1645067333.88, ""8311"": 1331364875.17, ""8310"": 1146057840.67}",other,other,3.417180094700069
84,306817454760.94,372674219151.2901,257555322108.63,0.08178864575305723,-0.17671403334614627,0.09145231703747148,0.1509836032994628,99,"0084,8400,8401,8402,8403,8404,8405,8406,8407,8408,8409,8410,8411,8412,8413","{""8471"": 145879901193.5, ""8473"": 26961398184.06, ""8415"": 24190928606.51, ""8443"": 18412756821.08001, ""8481"": 11621332140.82}",machinery,manufacturing,3.417180094700069
85,414893872362.46014,435784155932.26,359700034611.05,0.11059868799904855,-0.04793722599921034,0.0739851355038168,0.07955276829390102,96,"0085,8500,8501,8502,8503,8504,8505,8506,8507,8508,8509,8510,8511,8512,8513","{""8517"": 136257076675.7801, ""8544"": 62121374011.25, ""8548"": 49520165527.86002, ""8528"": 18321751213.87, ""8523"": 14525985695.23}",electrical,manufacturing,3.417180094700069
86,645138238.1200001,1878200178.58,3695568354.9400005,0.00017197516634267292,-0.656512524342452,-0.5821833216426381,0.604410962935193,49,"0086,8601,8602,8603,8604,8605,8606,8607,8608,8609,8610,8611,8612,8613,8614","{""8609"": 284937273.07, ""8607"": 284264868.6600001, ""8608"": 53430574.76000002, ""8603"": 6339017.11, ""8602"": 4716304.0}",other,other,3.417180094700069
87,137389459192.61,137769189390.1,102839416426.60002,0.03662405001326876,-0.0027562780848973526,0.1558378317017457,0.12997910465448453,81,"0087,8700,8701,8702,8703,8704,8705,8706,8707,8708,8709,8710,8711,8712,8713","{""8703"": 89693240914.34, ""8708"": 12350225719.95, ""8711"": 11463868692.19, ""8704"": 8280909649.73, ""8714"": 7393504113.079998}",other,other,3.417180094700069
88,3051186890.09,4285425439.230001,325301769.94,0.0008133580401231891,-0.2880084058496108,2.0626064421659613,0.6478151722167069,60,"0088,8800,8801,8802,8803,8804,8805,8806,8807,8808,8809,8810,8811,8812,8813","{""8802"": 1944592553.86, ""8806"": 796536709.6, ""8803"": 206420355.58, ""8801"": 38516099.03000001, ""8807"": 23423255.21}",other,other,3.417180094700069
89,334614673.11,185821273.18,88242747.43,8.919857895338012e-05,0.8007339384972779,0.9473005204065061,0.4992916034699055,59,"0089,8900,8901,8902,8903,8904,8905,8906,8907,8908,8909,8910,8911,8912,8913","{""8903"": 129774490.47, ""8905"": 100325892.93, ""8906"": 40840455.28000001, ""8907"": 38767538.65000001, ""8902"": 8935970.569999998}",other,other,3.417180094700069
90,73430847299.53,70035719525.40001,54408309058.11001,0.01957453679357189,0.04847708850765317,0.16173388087013385,0.12559227343569726,92,"0090,9000,9001,9002,9003,9004,9005,9006,9007,9008,9009,9010,9011,9012,9013","{""9018"": 23295788565.31, ""9021"": 13064125539.65, ""9030"": 6482037976.07, ""9027"": 5672802750.210001, ""9031"": 4196240557.619999}",other,other,3.417180094700069
91,13791566533.390001,13018927024.18,9898079302.0,0.003676432132774331,0.05934740303674648,0.1804058004947846,0.13755225571932547,48,"0091,9100,9101,9102,9103,9104,9105,9106,9107,9108,9109,9110,9111,9112,9113","{""9102"": 12370693875.12, ""9101"": 965071777.99, ""9105"": 118591887.91, ""9113"": 108508720.69, ""9114"": 74052906.61999997}",other,other,3.417180094700069
92,561089627.94,558751530.01,439622041.05,0.0001495702415335386,0.0041845038526484605,0.12973449914173885,0.10910928962707409,42,"0092,9200,9201,9202,9203,9204,9205,9206,9207,9208,9209,9210,9211,9212,9213","{""9202"": 108625434.29, ""9206"": 105061744.12, ""9207"": 92453394.97, ""9209"": 85921054.53, ""9203"": 63850471.34000002}",other,other,3.417180094700069
93,132936145.75000001,60214265.60000001,63030958.92000001,3.5436925650123416e-05,1.207718460490532,0.45226069796097024,0.3939066649607224,38,"9301,9302,9303,9304,9305,9306,9307,9308,9309,9310,9311,9312,9313,9315,9317","{""9304"": 65881519.66000001, ""9306"": 26061365.38, ""9302"": 15168986.26, ""9301"": 13006943.6, ""9303"": 3034203.6}",other,other,3.417180094700069
94,25038484936.030003,28057517618.22,24078830102.370003,0.00667453478558393,-0.10760156059670432,0.0197326668186677,0.06589983444316017,53,"0094,9400,9401,9402,9403,9404,9405,9406,9407,9408,9409,9410,9411,9413,9414","{""9405"": 10892268822.88, ""9403"": 9203093627.740002, ""9402"": 1558968795.0, ""9404"": 1418721366.41, ""9406"": 979255051.9599998}",other,other,3.417180094700069
95,9739413889.010002,10014968346.639997,8769381202.49,0.0025962456178749774,-0.02751426146268783,0.05385761131153077,0.0561853251822214,51,"0095,9500,9501,9502,9503,9504,9505,9506,9507,9508,9509,9510,9511,9512,9514","{""9503"": 5716533837.340001, ""9506"": 2272098569.96, ""9504"": 904073013.67, ""9505"": 750047115.3700001, ""9508"": 37103979.45000001}",other,other,3.417180094700069
96,20326280952.38,18573373420.539997,15882708073.960003,0.005418397703568218,0.09437744518190172,0.13127108102141638,0.10007766182824099,61,"0096,9600,9601,9602,9603,9604,9605,9606,9607,9608,9609,9610,9611,9612,9613","{""9619"": 6314978272.859999, ""9606"": 4522193311.500001, ""9607"": 2325866982.61, ""9603"": 1880757136.14, ""9608"": 1663114792.73}",other,other,3.417180094700069
97,5173122527.37,4621349953.590001,3812598457.240001,0.0013790046141862753,0.11939640566526791,0.1648388544802637,0.12318400758262171,33,"0097,9700,9701,9702,9703,9704,9705,9706,9707,9708,9709,9710,9711,9712,9714","{""9701"": 4078175500.41, ""9703"": 983363226.3200002, ""9702"": 47554181.74000001, ""9706"": 36581183.87000001, ""9705"": 13878733.66}",other,other,3.417180094700069
98,31604342630.55,16463109845.63,641694296.1700001,0.008424802251496194,0.9197067216883764,6.017934188085137,0.7785887702119723,65,"0098,9800,9801,9802,9803,9804,9805,9806,9807,9808,9809,9810,9811,9812,9813","{""9807"": 30758720576.1, ""9801"": 342396706.87, ""9802"": 290084595.62, ""9804"": 134818964.48, ""9805"": 29561388.98000001}",other,other,3.417180094700069
99,163764153.79,140506590.86,76299940.72999997,4.365477958812873e-05,0.16552649087595958,0.46503271360483,0.2915772285438735,1,0099,"{""0099"": 163764153.79}",other,other,3.417180094700069
